Field1,Text
부산맛집 서면밀면 으로 여행 첫 스타트 !,"태그
#부산
#부산여행
#부산맛집
#서면밀면
#서면맛집
#전포맛집
#부산밀면
#전포밀면
#부산밀면추천
#부산맛집추천
#서면맛집추천
#서면밀면추천
#물밀면
#비빔밀면
#서면밀면웨이팅
#서면밀면주문"
부산 맛집 일본의 분위기를 보여주는 오라이멘,"태그
#부산맛집
#오라이멘"
부산 맛집 : 해운대 타이가텐푸라에서 먹은 인생 텐동,"태그
#부산맛집
#해운대맛집
#타이가텐푸라
#텐동맛집
#주차
#예약
#영업시간"
"내맘대로 부산맛집2 : 전포동 스테디어, 광안리 에쏘","태그
#국내여행
#부산여행
#부산맛집
#부산카페
#가을여행"
부산맛집 우리 돼지국밥 여행 1일차 맛점 성공,"태그
#부산맛집
#부산여행
#부산여행맛집
#부산여행계획
#부산1박2일
#부산돼지국밥맛집
#부산역맛집
#부산돼지국밥추천
#우리돼지국밥
#부산가볼만한곳"
부산맛집 :: 송정 3대 국밥,"태그
#부산여행
#부산맛집
#부산서면맛집
#서면맛집
#부산국밥
#송정3대국밥
#부산서면송정3대국밥
#부산국밥맛집
#서면국밥
#서면시장국밥
#부산가볼만한곳
#부산드라이브
#부산투어
#서면식당
#돼지국밥
#아이들과가볼만한곳
#부산가족여행
#가족여행"
[부산 맛집] 해운대에서 맛보는 인도요리 / 인도 커리 맛집 “강가 해운대점”,"태그
#부산맛집
#강가해운대점
#강가
#인도요리
#인도요리전문점
#부산인도요리
#부산맛집추천
#해운대맛집"
부산맛집 송도갈비에서 점심특선으로 짠,"태그
#부산맛집
#부산맛집추천
#부산고기집
#부산갈비집
#부산갈비맛집
#해운대맛집
#해운대맛집추천
#해운대고기집
#해운대갈비집
#해운대회식장소
#SFG
#송도갈비"
"부산맛집, 떡아이스크림, 호랑이젤라떡","태그
#부산맛집
#해운대맛집
#찰떡아이스크림맛집
#호랑이젤라떡"
2022년 부산맛집 리스트 3부 [블챌]주간일기08,"태그
#주간일기챌린지
#부산맛집
#부산맛집리스트
#2022부산맛집
#2022년부산맛집
#부산맛집리스트3부
#서면부들파이터
#초읍수야대공원짬뽕
#경성대오이시
#블챌"
